{"0.9051987106009383":{"user_id":1},"0.2043705763181609":{"user_id":3},"0.4394807876793958":{"user_id":3},"0.42226018420738454":{"user_id":3}}