{
    "0.9051987106009383": {
        "user_id": 1
    },
    "0.5862645160304081": {
        "user_id": 2
    },
    "0.2441802369276873": {
        "user_id": 2
    }
}